name_model,model,name_dataset,parametres,accuracy_train,accuracy_val,coefficients,y_train_pred,y_val_pred,f1_train,f1_val,tn_val,fp_val,fn_val,tp_val,tn_train,fp_train,fn_train,tp_train,report_train,report_val
reglog_full,LogisticRegression(),full,"{'C': 1.0, 'class_weight': None, 'dual': False, 'fit_intercept': True, 'intercept_scaling': 1, 'l1_ratio': None, 'max_iter': 100, 'multi_class': 'auto', 'n_jobs': None, 'penalty': 'l2', 'random_state': None, 'solver': 'lbfgs', 'tol': 0.0001, 'verbose': 0, 'warm_start': False}",0.98633073301005,0.9857685009487666,"[array([-0.59420066,  2.54863047,  3.57655197,  3.42683365,  3.05515897,
       -1.68787329, -0.19732157, -0.044345  ])]",[0 0 0 ... 0 0 0],[0 0 0 ... 0 0 0],0.7654507084715104,0.7554347826086957,54855,225,585,1251,219474,846,2266,5078,"              precision    recall  f1-score   support

           0       0.99      1.00      0.99    220320
           1       0.86      0.69      0.77      7344

    accuracy                           0.99    227664
   macro avg       0.92      0.84      0.88    227664
weighted avg       0.99      0.99      0.99    227664
","              precision    recall  f1-score   support

           0       0.99      1.00      0.99     55080
           1       0.85      0.68      0.76      1836

    accuracy                           0.99     56916
   macro avg       0.92      0.84      0.87     56916
weighted avg       0.98      0.99      0.99     56916
"
reglog_country,LogisticRegression(),country,"{'C': 1.0, 'class_weight': None, 'dual': False, 'fit_intercept': True, 'intercept_scaling': 1, 'l1_ratio': None, 'max_iter': 100, 'multi_class': 'auto', 'n_jobs': None, 'penalty': 'l2', 'random_state': None, 'solver': 'lbfgs', 'tol': 0.0001, 'verbose': 0, 'warm_start': False}",0.98633073301005,0.9857685009487666,"[array([-0.59420066,  2.54863047,  3.57655197,  3.42683365,  3.05515897,
       -1.68787329, -0.19732157, -0.044345  ])]",[0 0 0 ... 0 0 0],[0 0 0 ... 0 0 0],0.7654507084715104,0.7554347826086957,54855,225,585,1251,219474,846,2266,5078,"              precision    recall  f1-score   support

           0       0.99      1.00      0.99    220320
           1       0.86      0.69      0.77      7344

    accuracy                           0.99    227664
   macro avg       0.92      0.84      0.88    227664
weighted avg       0.99      0.99      0.99    227664
","              precision    recall  f1-score   support

           0       0.99      1.00      0.99     55080
           1       0.85      0.68      0.76      1836

    accuracy                           0.99     56916
   macro avg       0.92      0.84      0.87     56916
weighted avg       0.98      0.99      0.99     56916
"
reglog_age,LogisticRegression(),age,"{'C': 1.0, 'class_weight': None, 'dual': False, 'fit_intercept': True, 'intercept_scaling': 1, 'l1_ratio': None, 'max_iter': 100, 'multi_class': 'auto', 'n_jobs': None, 'penalty': 'l2', 'random_state': None, 'solver': 'lbfgs', 'tol': 0.0001, 'verbose': 0, 'warm_start': False}",0.98633073301005,0.9857685009487666,"[array([-0.59420066,  2.54863047,  3.57655197,  3.42683365,  3.05515897,
       -1.68787329, -0.19732157, -0.044345  ])]",[0 0 0 ... 0 0 0],[0 0 0 ... 0 0 0],0.7654507084715104,0.7554347826086957,54855,225,585,1251,219474,846,2266,5078,"              precision    recall  f1-score   support

           0       0.99      1.00      0.99    220320
           1       0.86      0.69      0.77      7344

    accuracy                           0.99    227664
   macro avg       0.92      0.84      0.88    227664
weighted avg       0.99      0.99      0.99    227664
","              precision    recall  f1-score   support

           0       0.99      1.00      0.99     55080
           1       0.85      0.68      0.76      1836

    accuracy                           0.99     56916
   macro avg       0.92      0.84      0.87     56916
weighted avg       0.98      0.99      0.99     56916
"
reglog_new_user,LogisticRegression(),new_user,"{'C': 1.0, 'class_weight': None, 'dual': False, 'fit_intercept': True, 'intercept_scaling': 1, 'l1_ratio': None, 'max_iter': 100, 'multi_class': 'auto', 'n_jobs': None, 'penalty': 'l2', 'random_state': None, 'solver': 'lbfgs', 'tol': 0.0001, 'verbose': 0, 'warm_start': False}",0.98633073301005,0.9857685009487666,"[array([-0.59420066,  2.54863047,  3.57655197,  3.42683365,  3.05515897,
       -1.68787329, -0.19732157, -0.044345  ])]",[0 0 0 ... 0 0 0],[0 0 0 ... 0 0 0],0.7654507084715104,0.7554347826086957,54855,225,585,1251,219474,846,2266,5078,"              precision    recall  f1-score   support

           0       0.99      1.00      0.99    220320
           1       0.86      0.69      0.77      7344

    accuracy                           0.99    227664
   macro avg       0.92      0.84      0.88    227664
weighted avg       0.99      0.99      0.99    227664
","              precision    recall  f1-score   support

           0       0.99      1.00      0.99     55080
           1       0.85      0.68      0.76      1836

    accuracy                           0.99     56916
   macro avg       0.92      0.84      0.87     56916
weighted avg       0.98      0.99      0.99     56916
"
reglog_source,LogisticRegression(),source,"{'C': 1.0, 'class_weight': None, 'dual': False, 'fit_intercept': True, 'intercept_scaling': 1, 'l1_ratio': None, 'max_iter': 100, 'multi_class': 'auto', 'n_jobs': None, 'penalty': 'l2', 'random_state': None, 'solver': 'lbfgs', 'tol': 0.0001, 'verbose': 0, 'warm_start': False}",0.98633073301005,0.9857685009487666,"[array([-0.59420066,  2.54863047,  3.57655197,  3.42683365,  3.05515897,
       -1.68787329, -0.19732157, -0.044345  ])]",[0 0 0 ... 0 0 0],[0 0 0 ... 0 0 0],0.7654507084715104,0.7554347826086957,54855,225,585,1251,219474,846,2266,5078,"              precision    recall  f1-score   support

           0       0.99      1.00      0.99    220320
           1       0.86      0.69      0.77      7344

    accuracy                           0.99    227664
   macro avg       0.92      0.84      0.88    227664
weighted avg       0.99      0.99      0.99    227664
","              precision    recall  f1-score   support

           0       0.99      1.00      0.99     55080
           1       0.85      0.68      0.76      1836

    accuracy                           0.99     56916
   macro avg       0.92      0.84      0.87     56916
weighted avg       0.98      0.99      0.99     56916
"
reglog_total_pages_visited,LogisticRegression(),total_pages_visited,"{'C': 1.0, 'class_weight': None, 'dual': False, 'fit_intercept': True, 'intercept_scaling': 1, 'l1_ratio': None, 'max_iter': 100, 'multi_class': 'auto', 'n_jobs': None, 'penalty': 'l2', 'random_state': None, 'solver': 'lbfgs', 'tol': 0.0001, 'verbose': 0, 'warm_start': False}",0.98633073301005,0.9857685009487666,"[array([-0.59420066,  2.54863047,  3.57655197,  3.42683365,  3.05515897,
       -1.68787329, -0.19732157, -0.044345  ])]",[0 0 0 ... 0 0 0],[0 0 0 ... 0 0 0],0.7654507084715104,0.7554347826086957,54855,225,585,1251,219474,846,2266,5078,"              precision    recall  f1-score   support

           0       0.99      1.00      0.99    220320
           1       0.86      0.69      0.77      7344

    accuracy                           0.99    227664
   macro avg       0.92      0.84      0.88    227664
weighted avg       0.99      0.99      0.99    227664
","              precision    recall  f1-score   support

           0       0.99      1.00      0.99     55080
           1       0.85      0.68      0.76      1836

    accuracy                           0.99     56916
   macro avg       0.92      0.84      0.87     56916
weighted avg       0.98      0.99      0.99     56916
"
reglog_converted,LogisticRegression(),converted,"{'C': 1.0, 'class_weight': None, 'dual': False, 'fit_intercept': True, 'intercept_scaling': 1, 'l1_ratio': None, 'max_iter': 100, 'multi_class': 'auto', 'n_jobs': None, 'penalty': 'l2', 'random_state': None, 'solver': 'lbfgs', 'tol': 0.0001, 'verbose': 0, 'warm_start': False}",0.98633073301005,0.9857685009487666,"[array([-0.59420066,  2.54863047,  3.57655197,  3.42683365,  3.05515897,
       -1.68787329, -0.19732157, -0.044345  ])]",[0 0 0 ... 0 0 0],[0 0 0 ... 0 0 0],0.7654507084715104,0.7554347826086957,54855,225,585,1251,219474,846,2266,5078,"              precision    recall  f1-score   support

           0       0.99      1.00      0.99    220320
           1       0.86      0.69      0.77      7344

    accuracy                           0.99    227664
   macro avg       0.92      0.84      0.88    227664
weighted avg       0.99      0.99      0.99    227664
","              precision    recall  f1-score   support

           0       0.99      1.00      0.99     55080
           1       0.85      0.68      0.76      1836

    accuracy                           0.99     56916
   macro avg       0.92      0.84      0.87     56916
weighted avg       0.98      0.99      0.99     56916
"
reglog_gs,LogisticRegression(C=0.1),full,"{'C': 0.1, 'class_weight': None, 'dual': False, 'fit_intercept': True, 'intercept_scaling': 1, 'l1_ratio': None, 'max_iter': 100, 'multi_class': 'auto', 'n_jobs': None, 'penalty': 'l2', 'random_state': None, 'solver': 'lbfgs', 'tol': 0.0001, 'verbose': 0, 'warm_start': False}",0.9863175556961136,0.9856279429334458,"[array([-0.5864657 ,  2.51598049,  2.66063539,  2.61220643,  2.27109111,
       -1.64775298, -0.18833803, -0.03945265])]",[0 0 0 ... 0 0 0],[0 0 0 ... 0 0 0],0.7643899856289237,0.7524213075060533,54855,225,593,1243,219496,824,2291,5053,"              precision    recall  f1-score   support

           0       0.99      1.00      0.99    220320
           1       0.86      0.69      0.76      7344

    accuracy                           0.99    227664
   macro avg       0.92      0.84      0.88    227664
weighted avg       0.99      0.99      0.99    227664
","              precision    recall  f1-score   support

           0       0.99      1.00      0.99     55080
           1       0.85      0.68      0.75      1836

    accuracy                           0.99     56916
   macro avg       0.92      0.84      0.87     56916
weighted avg       0.98      0.99      0.98     56916
"
reglog_ada_gs,"AdaBoostClassifier(estimator=LogisticRegression(C=0.5, max_iter=1000),
                   n_estimators=30)",full,"{'algorithm': 'SAMME.R', 'base_estimator': 'deprecated', 'estimator__C': 0.5, 'estimator__class_weight': None, 'estimator__dual': False, 'estimator__fit_intercept': True, 'estimator__intercept_scaling': 1, 'estimator__l1_ratio': None, 'estimator__max_iter': 1000, 'estimator__multi_class': 'auto', 'estimator__n_jobs': None, 'estimator__penalty': 'l2', 'estimator__random_state': None, 'estimator__solver': 'lbfgs', 'estimator__tol': 0.0001, 'estimator__verbose': 0, 'estimator__warm_start': False, 'estimator': LogisticRegression(C=0.5, max_iter=1000), 'learning_rate': 1.0, 'n_estimators': 30, 'random_state': None}",0.9851096352519504,0.984310211539813,[],[0 0 0 ... 0 0 0],[0 0 0 ... 0 0 0],0.7356931233432092,0.7215466167758028,54866,214,679,1157,219556,764,2626,4718,"              precision    recall  f1-score   support

           0       0.99      1.00      0.99    220320
           1       0.86      0.64      0.74      7344

    accuracy                           0.99    227664
   macro avg       0.92      0.82      0.86    227664
weighted avg       0.98      0.99      0.98    227664
","              precision    recall  f1-score   support

           0       0.99      1.00      0.99     55080
           1       0.84      0.63      0.72      1836

    accuracy                           0.98     56916
   macro avg       0.92      0.81      0.86     56916
weighted avg       0.98      0.98      0.98     56916
"
bag_tree_gs,"BaggingClassifier(estimator=DecisionTreeClassifier(max_depth=3), n_estimators=4)",full,"{'base_estimator': 'deprecated', 'bootstrap': True, 'bootstrap_features': False, 'estimator__ccp_alpha': 0.0, 'estimator__class_weight': None, 'estimator__criterion': 'gini', 'estimator__max_depth': 3, 'estimator__max_features': None, 'estimator__max_leaf_nodes': None, 'estimator__min_impurity_decrease': 0.0, 'estimator__min_samples_leaf': 1, 'estimator__min_samples_split': 2, 'estimator__min_weight_fraction_leaf': 0.0, 'estimator__random_state': None, 'estimator__splitter': 'best', 'estimator': DecisionTreeClassifier(max_depth=3), 'max_features': 1.0, 'max_samples': 1.0, 'n_estimators': 4, 'n_jobs': None, 'oob_score': False, 'random_state': None, 'verbose': 0, 'warm_start': False}",0.984543010752688,0.9842047930283224,[],[0 0 0 ... 0 0 0],[0 0 0 ... 0 0 0],0.7292452104331768,0.722616476396174,54846,234,665,1171,219406,914,2605,4739,"              precision    recall  f1-score   support

           0       0.99      1.00      0.99    220320
           1       0.84      0.65      0.73      7344

    accuracy                           0.98    227664
   macro avg       0.91      0.82      0.86    227664
weighted avg       0.98      0.98      0.98    227664
","              precision    recall  f1-score   support

           0       0.99      1.00      0.99     55080
           1       0.83      0.64      0.72      1836

    accuracy                           0.98     56916
   macro avg       0.91      0.82      0.86     56916
weighted avg       0.98      0.98      0.98     56916
"
bag_tree_gs,"BaggingClassifier(estimator=DecisionTreeClassifier(max_depth=5,
                                                   min_samples_split=3),
                  n_estimators=3)",full,"{'base_estimator': 'deprecated', 'bootstrap': True, 'bootstrap_features': False, 'estimator__ccp_alpha': 0.0, 'estimator__class_weight': None, 'estimator__criterion': 'gini', 'estimator__max_depth': 5, 'estimator__max_features': None, 'estimator__max_leaf_nodes': None, 'estimator__min_impurity_decrease': 0.0, 'estimator__min_samples_leaf': 1, 'estimator__min_samples_split': 3, 'estimator__min_weight_fraction_leaf': 0.0, 'estimator__random_state': None, 'estimator__splitter': 'best', 'estimator': DecisionTreeClassifier(max_depth=5, min_samples_split=3), 'max_features': 1.0, 'max_samples': 1.0, 'n_estimators': 3, 'n_jobs': None, 'oob_score': False, 'random_state': None, 'verbose': 0, 'warm_start': False}",0.9853731815306768,0.9845034788108792,[],[0 0 0 ... 0 0 0],[0 0 0 ... 0 0 0],0.750412232049168,0.7357699221090473,54806,274,608,1228,219328,992,2338,5006,"              precision    recall  f1-score   support

           0       0.99      1.00      0.99    220320
           1       0.83      0.68      0.75      7344

    accuracy                           0.99    227664
   macro avg       0.91      0.84      0.87    227664
weighted avg       0.98      0.99      0.98    227664
","              precision    recall  f1-score   support

           0       0.99      1.00      0.99     55080
           1       0.82      0.67      0.74      1836

    accuracy                           0.98     56916
   macro avg       0.90      0.83      0.86     56916
weighted avg       0.98      0.98      0.98     56916
"
tree_simple_gs,"DecisionTreeClassifier(criterion='entropy', max_depth=8, min_samples_leaf=2)",full,"{'ccp_alpha': 0.0, 'class_weight': None, 'criterion': 'entropy', 'max_depth': 8, 'max_features': None, 'max_leaf_nodes': None, 'min_impurity_decrease': 0.0, 'min_samples_leaf': 2, 'min_samples_split': 2, 'min_weight_fraction_leaf': 0.0, 'random_state': None, 'splitter': 'best'}",0.9860496169794084,0.9848548738491812,[],[0 0 0 ... 0 0 0],[0 0 0 ... 0 0 0],0.7581111957349581,0.7375152253349573,54843,237,625,1211,219511,809,2367,4977,"              precision    recall  f1-score   support

           0       0.99      1.00      0.99    220320
           1       0.86      0.68      0.76      7344

    accuracy                           0.99    227664
   macro avg       0.92      0.84      0.88    227664
weighted avg       0.99      0.99      0.99    227664
","              precision    recall  f1-score   support

           0       0.99      1.00      0.99     55080
           1       0.84      0.66      0.74      1836

    accuracy                           0.98     56916
   macro avg       0.91      0.83      0.86     56916
weighted avg       0.98      0.98      0.98     56916
"
tree_simple_gini3,DecisionTreeClassifier(max_depth=3),full,"{'ccp_alpha': 0.0, 'class_weight': None, 'criterion': 'gini', 'max_depth': 3, 'max_features': None, 'max_leaf_nodes': None, 'min_impurity_decrease': 0.0, 'min_samples_leaf': 1, 'min_samples_split': 2, 'min_weight_fraction_leaf': 0.0, 'random_state': None, 'splitter': 'best'}",0.984543010752688,0.9842047930283224,[],[0 0 0 ... 0 0 0],[0 0 0 ... 0 0 0],0.7292452104331768,0.722616476396174,54846,234,665,1171,219406,914,2605,4739,"              precision    recall  f1-score   support

           0       0.99      1.00      0.99    220320
           1       0.84      0.65      0.73      7344

    accuracy                           0.98    227664
   macro avg       0.91      0.82      0.86    227664
weighted avg       0.98      0.98      0.98    227664
","              precision    recall  f1-score   support

           0       0.99      1.00      0.99     55080
           1       0.83      0.64      0.72      1836

    accuracy                           0.98     56916
   macro avg       0.91      0.82      0.86     56916
weighted avg       0.98      0.98      0.98     56916
"
tree_simple_gini8,DecisionTreeClassifier(max_depth=8),full,"{'ccp_alpha': 0.0, 'class_weight': None, 'criterion': 'gini', 'max_depth': 8, 'max_features': None, 'max_leaf_nodes': None, 'min_impurity_decrease': 0.0, 'min_samples_leaf': 1, 'min_samples_split': 2, 'min_weight_fraction_leaf': 0.0, 'random_state': None, 'splitter': 'best'}",0.9863702649518588,0.9845386183147092,[],[0 0 0 ... 0 0 0],[0 0 0 ... 0 0 0],0.7653686200378071,0.7342995169082126,54820,260,620,1216,219500,820,2283,5061,"              precision    recall  f1-score   support

           0       0.99      1.00      0.99    220320
           1       0.86      0.69      0.77      7344

    accuracy                           0.99    227664
   macro avg       0.93      0.84      0.88    227664
weighted avg       0.99      0.99      0.99    227664
","              precision    recall  f1-score   support

           0       0.99      1.00      0.99     55080
           1       0.82      0.66      0.73      1836

    accuracy                           0.98     56916
   macro avg       0.91      0.83      0.86     56916
weighted avg       0.98      0.98      0.98     56916
"
tree_simple_gs_3f,"DecisionTreeClassifier(max_depth=5, min_samples_leaf=3)",3feat,"{'ccp_alpha': 0.0, 'class_weight': None, 'criterion': 'gini', 'max_depth': 5, 'max_features': None, 'max_leaf_nodes': None, 'min_impurity_decrease': 0.0, 'min_samples_leaf': 3, 'min_samples_split': 2, 'min_weight_fraction_leaf': 0.0, 'random_state': None, 'splitter': 'best'}",0.9853336495888678,0.984292641787898,[],[0 0 0 ... 0 0 0],[0 0 0 ... 0 0 0],0.751470040937849,0.7350326022525192,54782,298,596,1240,219277,1043,2296,5048,"              precision    recall  f1-score   support

           0       0.99      1.00      0.99    220320
           1       0.83      0.69      0.75      7344

    accuracy                           0.99    227664
   macro avg       0.91      0.84      0.87    227664
weighted avg       0.98      0.99      0.98    227664
","              precision    recall  f1-score   support

           0       0.99      0.99      0.99     55080
           1       0.81      0.68      0.74      1836

    accuracy                           0.98     56916
   macro avg       0.90      0.83      0.86     56916
weighted avg       0.98      0.98      0.98     56916
"
svc_1000_3f,SVC(probability=True),1000_3f,"{'C': 1.0, 'break_ties': False, 'cache_size': 200, 'class_weight': None, 'coef0': 0.0, 'decision_function_shape': 'ovr', 'degree': 3, 'gamma': 'scale', 'kernel': 'rbf', 'max_iter': -1, 'probability': True, 'random_state': None, 'shrinking': True, 'tol': 0.001, 'verbose': False}",0.99375,0.975,[],"[0 0 0 0 0 0 0 0 0 0 0 0 0 0 0 0 0 0 0 0 0 0 0 0 0 0 0 0 0 0 0 0 0 0 0 0 0
 0 0 0 0 0 1 0 0 0 0 0 0 0 0 0 0 0 1 0 0 0 0 0 0 0 0 0 0 0 0 0 0 0 0 0 0 0
 0 0 0 0 0 0 0 0 0 0 0 0 0 0 0 0 0 0 1 0 0 0 1 0 0 0 0 0 0 0 0 0 0 0 0 0 0
 0 0 0 0 0 0 0 0 0 1 0 0 0 0 0 0 0 0 0 0 0 0 0 0 0 0 0 0 0 0 0 0 0 0 0 0 0
 0 0 0 0 0 0 0 0 0 0 0 0 1 0 0 0 0 0 0 0 0 0 0 0 0 0 0 0 0 0 0 0 0 0 0 0 0
 0 0 0 0 0 0 0 0 0 0 0 0 0 0 0 0 0 0 1 0 0 0 0 0 0 0 0 0 1 0 0 0 0 0 0 0 0
 0 0 0 0 0 0 0 0 0 0 0 0 0 0 0 0 0 0 0 0 0 0 0 0 0 0 0 0 0 1 0 0 0 0 0 0 0
 0 0 1 0 0 0 0 0 0 0 0 0 0 0 0 0 0 0 0 0 0 0 0 0 0 0 0 0 0 0 0 0 0 0 0 0 0
 0 0 0 0 0 0 0 0 0 0 0 0 0 0 0 0 0 0 0 0 0 1 0 0 0 0 0 0 0 0 0 0 0 0 0 1 0
 0 0 0 0 0 1 0 0 0 0 0 0 0 0 0 0 0 0 0 0 0 0 0 0 0 0 0 0 0 0 0 0 0 0 0 0 0
 0 0 0 0 0 0 0 0 0 0 0 0 0 0 0 0 0 0 0 0 0 0 0 0 0 0 0 0 0 0 0 0 0 0 0 0 0
 0 0 0 0 0 0 0 0 0 0 0 0 0 0 0 0 0 0 0 0 0 0 0 0 0 0 0 0 0 0 0 0 0 0 0 0 0
 0 0 0 0 0 0 0 0 0 0 0 0 0 0 0 0 0 0 0 0 0 0 0 0 0 0 0 0 1 0 0 0 0 0 0 0 0
 0 0 0 0 0 0 0 0 0 0 0 0 0 0 0 0 0 0 0 0 0 0 0 0 0 0 0 0 0 0 0 0 0 0 0 0 0
 0 0 0 0 0 0 0 0 0 0 0 0 0 0 0 0 0 0 0 0 0 0 0 0 0 0 0 0 0 0 0 0 0 0 1 0 0
 0 0 0 0 0 0 0 0 0 0 0 0 0 0 0 0 0 0 0 0 0 1 0 0 0 0 0 0 0 0 0 0 0 0 0 0 0
 0 0 0 0 0 0 0 0 0 0 0 0 0 0 1 0 0 0 0 0 0 0 0 0 0 0 0 0 0 0 0 0 0 0 0 0 0
 0 0 0 0 0 0 0 0 0 0 0 0 0 0 0 0 0 0 0 0 0 0 0 0 0 0 0 0 0 0 1 1 0 0 0 0 0
 0 0 0 0 0 0 0 0 0 0 0 0 0 0 0 1 0 0 0 0 0 0 0 0 0 0 0 0 0 0 0 0 0 0 0 0 0
 0 0 0 0 0 1 0 0 0 0 0 0 0 0 0 0 0 0 1 0 0 0 0 0 0 0 0 0 0 0 0 0 0 0 0 0 0
 0 0 0 0 0 0 0 0 0 0 0 0 0 0 0 0 0 0 0 0 0 0 0 0 0 0 0 0 0 0 0 0 0 0 0 0 0
 0 0 0 0 1 0 0 0 0 0 0 0 0 0 0 0 0 0 0 0 0 0 0]","[0 0 0 0 0 0 0 0 0 0 0 0 0 0 0 0 0 0 0 0 0 0 0 0 0 0 0 0 0 0 0 0 0 0 0 0 0
 0 0 0 0 0 0 0 0 0 0 0 0 0 0 0 0 0 0 0 0 0 0 0 0 0 0 0 0 0 0 0 0 0 0 0 0 0
 0 0 0 0 0 0 0 1 0 0 0 0 0 0 0 0 0 0 0 0 0 0 0 0 0 0 0 0 0 0 0 0 1 0 0 0 0
 0 0 0 0 0 0 0 0 0 0 0 0 0 0 0 0 0 0 0 0 0 0 0 0 0 0 0 0 0 0 0 0 0 0 0 0 0
 0 0 0 0 0 0 0 0 0 0 0 0 0 0 0 0 0 0 0 0 0 0 0 0 0 0 0 0 0 0 0 0 0 0 0 0 0
 0 0 0 0 0 0 0 0 0 0 0 0 0 0 0]",0.8979591836734695,0.4444444444444445,193,0,5,2,773,1,4,22,"              precision    recall  f1-score   support

           0       0.99      1.00      1.00       774
           1       0.96      0.85      0.90        26

    accuracy                           0.99       800
   macro avg       0.98      0.92      0.95       800
weighted avg       0.99      0.99      0.99       800
","              precision    recall  f1-score   support

           0       0.97      1.00      0.99       193
           1       1.00      0.29      0.44         7

    accuracy                           0.97       200
   macro avg       0.99      0.64      0.72       200
weighted avg       0.98      0.97      0.97       200
"
svc_10000_3f,SVC(probability=True),10000_3f,"{'C': 1.0, 'break_ties': False, 'cache_size': 200, 'class_weight': None, 'coef0': 0.0, 'decision_function_shape': 'ovr', 'degree': 3, 'gamma': 'scale', 'kernel': 'rbf', 'max_iter': -1, 'probability': True, 'random_state': None, 'shrinking': True, 'tol': 0.001, 'verbose': False}",0.984125,0.985,[],[0 0 0 ... 0 0 0],[0 0 0 ... 0 0 0],0.7208791208791209,0.7457627118644067,1926,7,23,44,7709,22,105,164,"              precision    recall  f1-score   support

           0       0.99      1.00      0.99      7731
           1       0.88      0.61      0.72       269

    accuracy                           0.98      8000
   macro avg       0.93      0.80      0.86      8000
weighted avg       0.98      0.98      0.98      8000
","              precision    recall  f1-score   support

           0       0.99      1.00      0.99      1933
           1       0.86      0.66      0.75        67

    accuracy                           0.98      2000
   macro avg       0.93      0.83      0.87      2000
weighted avg       0.98      0.98      0.98      2000
"
svc_gs_3f_10000,"SVC(C=0.1, gamma=0.1, kernel='linear', probability=True)",10000_3f,"{'C': 0.1, 'break_ties': False, 'cache_size': 200, 'class_weight': None, 'coef0': 0.0, 'decision_function_shape': 'ovr', 'degree': 3, 'gamma': 0.1, 'kernel': 'linear', 'max_iter': -1, 'probability': True, 'random_state': None, 'shrinking': True, 'tol': 0.001, 'verbose': False}",0.98375,0.9865,"[array([-0.35933766,  1.3140302 , -0.69679194])]",[0 0 0 ... 0 0 0],[0 0 0 ... 0 0 0],0.7257383966244725,0.7804878048780487,1925,8,19,48,7698,33,97,172,"              precision    recall  f1-score   support

           0       0.99      1.00      0.99      7731
           1       0.84      0.64      0.73       269

    accuracy                           0.98      8000
   macro avg       0.91      0.82      0.86      8000
weighted avg       0.98      0.98      0.98      8000
","              precision    recall  f1-score   support

           0       0.99      1.00      0.99      1933
           1       0.86      0.72      0.78        67

    accuracy                           0.99      2000
   macro avg       0.92      0.86      0.89      2000
weighted avg       0.99      0.99      0.99      2000
"
svc_full_3f,"SVC(C=0.1, gamma=0.1, kernel='linear', probability=True)",full_3f,"{'C': 0.1, 'break_ties': False, 'cache_size': 200, 'class_weight': None, 'coef0': 0.0, 'decision_function_shape': 'ovr', 'degree': 3, 'gamma': 0.1, 'kernel': 'linear', 'max_iter': -1, 'probability': True, 'random_state': None, 'shrinking': True, 'tol': 0.001, 'verbose': False}",0.985193091573547,0.984450769555134,"[array([-0.32440407,  1.31043888, -0.86258242])]",[0 0 0 ... 0 0 0],[0 0 0 ... 0 0 0],0.7384185613408862,0.7262604392205383,54857,223,662,1174,219535,785,2586,4758,"              precision    recall  f1-score   support

           0       0.99      1.00      0.99    220320
           1       0.86      0.65      0.74      7344

    accuracy                           0.99    227664
   macro avg       0.92      0.82      0.87    227664
weighted avg       0.98      0.99      0.98    227664
","              precision    recall  f1-score   support

           0       0.99      1.00      0.99     55080
           1       0.84      0.64      0.73      1836

    accuracy                           0.98     56916
   macro avg       0.91      0.82      0.86     56916
weighted avg       0.98      0.98      0.98     56916
"
xg_gs_full_3f,"XGBClassifier(base_score=None, booster=None, callbacks=None,
              colsample_bylevel=None, colsample_bynode=None,
              colsample_bytree=None, device=None, early_stopping_rounds=None,
              enable_categorical=False, eval_metric=None, feature_types=None,
              gamma=None, grow_policy=None, importance_type=None,
              interaction_constraints=None, learning_rate=None, max_bin=None,
              max_cat_threshold=None, max_cat_to_onehot=None,
              max_delta_step=None, max_depth=2, max_leaves=None,
              min_child_weight=3, missing=nan, monotone_constraints=None,
              multi_strategy=None, n_estimators=50, n_jobs=None,
              num_parallel_tree=None, random_state=None, ...)",full_3f,"{'objective': 'binary:logistic', 'base_score': None, 'booster': None, 'callbacks': None, 'colsample_bylevel': None, 'colsample_bynode': None, 'colsample_bytree': None, 'device': None, 'early_stopping_rounds': None, 'enable_categorical': False, 'eval_metric': None, 'feature_types': None, 'gamma': None, 'grow_policy': None, 'importance_type': None, 'interaction_constraints': None, 'learning_rate': None, 'max_bin': None, 'max_cat_threshold': None, 'max_cat_to_onehot': None, 'max_delta_step': None, 'max_depth': 2, 'max_leaves': None, 'min_child_weight': 3, 'missing': nan, 'monotone_constraints': None, 'multi_strategy': None, 'n_estimators': 50, 'n_jobs': None, 'num_parallel_tree': None, 'random_state': None, 'reg_alpha': None, 'reg_lambda': None, 'sampling_method': None, 'scale_pos_weight': None, 'subsample': None, 'tree_method': None, 'validate_parameters': None, 'verbosity': None}",0.9853160798369528,0.9843980602993886,[],[0 0 0 ... 0 0 0],[0 0 0 ... 0 0 0],0.7447896786014199,0.7299270072992701,54828,252,636,1200,219443,877,2466,4878,"              precision    recall  f1-score   support

           0       0.99      1.00      0.99    220320
           1       0.85      0.66      0.74      7344

    accuracy                           0.99    227664
   macro avg       0.92      0.83      0.87    227664
weighted avg       0.98      0.99      0.98    227664
","              precision    recall  f1-score   support

           0       0.99      1.00      0.99     55080
           1       0.83      0.65      0.73      1836

    accuracy                           0.98     56916
   macro avg       0.91      0.82      0.86     56916
weighted avg       0.98      0.98      0.98     56916
"
ada_gs_10000_3f,"AdaBoostClassifier(estimator=DecisionTreeClassifier(max_depth=2),
                   n_estimators=10)",10000_3f,"{'algorithm': 'SAMME.R', 'base_estimator': 'deprecated', 'estimator__ccp_alpha': 0.0, 'estimator__class_weight': None, 'estimator__criterion': 'gini', 'estimator__max_depth': 2, 'estimator__max_features': None, 'estimator__max_leaf_nodes': None, 'estimator__min_impurity_decrease': 0.0, 'estimator__min_samples_leaf': 1, 'estimator__min_samples_split': 2, 'estimator__min_weight_fraction_leaf': 0.0, 'estimator__random_state': None, 'estimator__splitter': 'best', 'estimator': DecisionTreeClassifier(max_depth=2), 'learning_rate': 1.0, 'n_estimators': 10, 'random_state': None}",0.98275,0.983,[],[0 0 0 ... 0 0 0],[0 0 0 ... 0 0 0],0.7051282051282051,0.7017543859649124,1926,8,26,40,7697,41,97,165,"              precision    recall  f1-score   support

           0       0.99      0.99      0.99      7738
           1       0.80      0.63      0.71       262

    accuracy                           0.98      8000
   macro avg       0.89      0.81      0.85      8000
weighted avg       0.98      0.98      0.98      8000
","              precision    recall  f1-score   support

           0       0.99      1.00      0.99      1934
           1       0.83      0.61      0.70        66

    accuracy                           0.98      2000
   macro avg       0.91      0.80      0.85      2000
weighted avg       0.98      0.98      0.98      2000
"
xg_gs2_10000_3f,"XGBClassifier(base_score=None, booster=None, callbacks=None,
              colsample_bylevel=None, colsample_bynode=None,
              colsample_bytree=None, device=None, early_stopping_rounds=None,
              enable_categorical=False, eval_metric=None, feature_types=None,
              gamma=None, grow_policy=None, importance_type=None,
              interaction_constraints=None, learning_rate=None, max_bin=None,
              max_cat_threshold=None, max_cat_to_onehot=None,
              max_delta_step=None, max_depth=5, max_leaves=None,
              min_child_weight=10, missing=nan, monotone_constraints=None,
              multi_strategy=None, n_estimators=40, n_jobs=None,
              num_parallel_tree=None, random_state=None, ...)",10000,"{'objective': 'binary:logistic', 'base_score': None, 'booster': None, 'callbacks': None, 'colsample_bylevel': None, 'colsample_bynode': None, 'colsample_bytree': None, 'device': None, 'early_stopping_rounds': None, 'enable_categorical': False, 'eval_metric': None, 'feature_types': None, 'gamma': None, 'grow_policy': None, 'importance_type': None, 'interaction_constraints': None, 'learning_rate': None, 'max_bin': None, 'max_cat_threshold': None, 'max_cat_to_onehot': None, 'max_delta_step': None, 'max_depth': 5, 'max_leaves': None, 'min_child_weight': 10, 'missing': nan, 'monotone_constraints': None, 'multi_strategy': None, 'n_estimators': 40, 'n_jobs': None, 'num_parallel_tree': None, 'random_state': None, 'reg_alpha': None, 'reg_lambda': None, 'sampling_method': None, 'scale_pos_weight': None, 'subsample': None, 'tree_method': None, 'validate_parameters': None, 'verbosity': None}",0.98375,0.9815,[],[0 0 0 ... 0 0 0],[0 0 0 ... 0 0 0],0.7111111111111111,0.672566371681416,1925,9,28,38,7710,28,102,160,"              precision    recall  f1-score   support

           0       0.99      1.00      0.99      7738
           1       0.85      0.61      0.71       262

    accuracy                           0.98      8000
   macro avg       0.92      0.80      0.85      8000
weighted avg       0.98      0.98      0.98      8000
","              precision    recall  f1-score   support

           0       0.99      1.00      0.99      1934
           1       0.81      0.58      0.67        66

    accuracy                           0.98      2000
   macro avg       0.90      0.79      0.83      2000
weighted avg       0.98      0.98      0.98      2000
"
reglog_10000feat_eng,LogisticRegression(),10000_feat_eng,"{'C': 1.0, 'class_weight': None, 'dual': False, 'fit_intercept': True, 'intercept_scaling': 1, 'l1_ratio': None, 'max_iter': 100, 'multi_class': 'auto', 'n_jobs': None, 'penalty': 'l2', 'random_state': None, 'solver': 'lbfgs', 'tol': 0.0001, 'verbose': 0, 'warm_start': False}",0.98925,0.99,"[array([-0.2401454 ,  0.77684361,  0.09965174, -0.26786774, -0.34069463,
       -0.00183336, -0.18155131, -0.19883218, -0.18763031,  0.68206297,
        0.62454981, -0.12150661,  0.09065832,  0.41418745,  0.49450662,
        0.04923818,  1.3052797 ,  1.71426228,  1.24745184, -1.81215503,
       -0.05160165, -0.01864561])]",[0 0 0 ... 0 0 0],[0 0 0 ... 0 0 0],0.8,0.8113207547169811,1937,4,16,43,7742,23,63,172,"              precision    recall  f1-score   support

           0       0.99      1.00      0.99      7765
           1       0.88      0.73      0.80       235

    accuracy                           0.99      8000
   macro avg       0.94      0.86      0.90      8000
weighted avg       0.99      0.99      0.99      8000
","              precision    recall  f1-score   support

           0       0.99      1.00      0.99      1941
           1       0.91      0.73      0.81        59

    accuracy                           0.99      2000
   macro avg       0.95      0.86      0.90      2000
weighted avg       0.99      0.99      0.99      2000
"
tree_10000_feat_eng,DecisionTreeClassifier(),10000_feat_eng,"{'ccp_alpha': 0.0, 'class_weight': None, 'criterion': 'gini', 'max_depth': None, 'max_features': None, 'max_leaf_nodes': None, 'min_impurity_decrease': 0.0, 'min_samples_leaf': 1, 'min_samples_split': 2, 'min_weight_fraction_leaf': 0.0, 'random_state': None, 'splitter': 'best'}",0.997375,0.9805,[],[0 0 0 ... 0 0 0],[0 0 0 ... 0 0 0],0.953229398663697,0.6486486486486487,1925,16,23,36,7765,0,21,214,"              precision    recall  f1-score   support

           0       1.00      1.00      1.00      7765
           1       1.00      0.91      0.95       235

    accuracy                           1.00      8000
   macro avg       1.00      0.96      0.98      8000
weighted avg       1.00      1.00      1.00      8000
","              precision    recall  f1-score   support

           0       0.99      0.99      0.99      1941
           1       0.69      0.61      0.65        59

    accuracy                           0.98      2000
   macro avg       0.84      0.80      0.82      2000
weighted avg       0.98      0.98      0.98      2000
"
bag_tree_1000_feat_eng_gs,"BaggingClassifier(estimator=DecisionTreeClassifier(max_depth=8,
                                                   min_samples_leaf=10),
                  n_estimators=5)",10000_feat_eng,"{'base_estimator': 'deprecated', 'bootstrap': True, 'bootstrap_features': False, 'estimator__ccp_alpha': 0.0, 'estimator__class_weight': None, 'estimator__criterion': 'gini', 'estimator__max_depth': 8, 'estimator__max_features': None, 'estimator__max_leaf_nodes': None, 'estimator__min_impurity_decrease': 0.0, 'estimator__min_samples_leaf': 10, 'estimator__min_samples_split': 2, 'estimator__min_weight_fraction_leaf': 0.0, 'estimator__random_state': None, 'estimator__splitter': 'best', 'estimator': DecisionTreeClassifier(max_depth=8, min_samples_leaf=10), 'max_features': 1.0, 'max_samples': 1.0, 'n_estimators': 5, 'n_jobs': None, 'oob_score': False, 'random_state': None, 'verbose': 0, 'warm_start': False}",0.989125,0.988,[],[0 0 0 ... 0 0 0],[0 0 0 ... 0 0 0],0.7903614457831325,0.7647058823529412,1937,4,20,39,7749,16,71,164,"              precision    recall  f1-score   support

           0       0.99      1.00      0.99      7765
           1       0.91      0.70      0.79       235

    accuracy                           0.99      8000
   macro avg       0.95      0.85      0.89      8000
weighted avg       0.99      0.99      0.99      8000
","              precision    recall  f1-score   support

           0       0.99      1.00      0.99      1941
           1       0.91      0.66      0.76        59

    accuracy                           0.99      2000
   macro avg       0.95      0.83      0.88      2000
weighted avg       0.99      0.99      0.99      2000
"
reglog_4f_eng2,LogisticRegression(),4f_eng2,"{'C': 1.0, 'class_weight': None, 'dual': False, 'fit_intercept': True, 'intercept_scaling': 1, 'l1_ratio': None, 'max_iter': 100, 'multi_class': 'auto', 'n_jobs': None, 'penalty': 'l2', 'random_state': None, 'solver': 'lbfgs', 'tol': 0.0001, 'verbose': 0, 'warm_start': False}",0.9862780237543046,0.9857333614449364,"[array([-0.59336788,  2.54844001, -1.68684069,  3.57756484,  3.42766309,
        3.05409179])]",[0 0 0 ... 0 0 0],[0 0 0 ... 0 0 0],0.7649360421369451,0.7552742616033755,54851,229,583,1253,219457,863,2261,5083,"              precision    recall  f1-score   support

           0       0.99      1.00      0.99    220320
           1       0.85      0.69      0.76      7344

    accuracy                           0.99    227664
   macro avg       0.92      0.84      0.88    227664
weighted avg       0.99      0.99      0.99    227664
","              precision    recall  f1-score   support

           0       0.99      1.00      0.99     55080
           1       0.85      0.68      0.76      1836

    accuracy                           0.99     56916
   macro avg       0.92      0.84      0.87     56916
weighted avg       0.98      0.99      0.98     56916
"
reglog_4f_eng,LogisticRegression(),4f_eng,"{'C': 1.0, 'class_weight': None, 'dual': False, 'fit_intercept': True, 'intercept_scaling': 1, 'l1_ratio': None, 'max_iter': 100, 'multi_class': 'auto', 'n_jobs': None, 'penalty': 'l2', 'random_state': None, 'solver': 'lbfgs', 'tol': 0.0001, 'verbose': 0, 'warm_start': False}",0.986172605242814,0.9854522454142948,"[array([ 0.52615919,  1.94627916, -1.76463922,  3.8226311 ,  3.66742017,
        3.28147677])]",[0 0 0 ... 0 0 0],[0 0 0 ... 0 0 0],0.7606447688564476,0.7489387507580353,54853,227,601,1235,219514,806,2342,5002,"              precision    recall  f1-score   support

           0       0.99      1.00      0.99    220320
           1       0.86      0.68      0.76      7344

    accuracy                           0.99    227664
   macro avg       0.93      0.84      0.88    227664
weighted avg       0.99      0.99      0.99    227664
","              precision    recall  f1-score   support

           0       0.99      1.00      0.99     55080
           1       0.84      0.67      0.75      1836

    accuracy                           0.99     56916
   macro avg       0.92      0.83      0.87     56916
weighted avg       0.98      0.99      0.98     56916
"
tree_4feng1,DecisionTreeClassifier(),4f_eng2,"{'ccp_alpha': 0.0, 'class_weight': None, 'criterion': 'gini', 'max_depth': None, 'max_features': None, 'max_leaf_nodes': None, 'min_impurity_decrease': 0.0, 'min_samples_leaf': 1, 'min_samples_split': 2, 'min_weight_fraction_leaf': 0.0, 'random_state': None, 'splitter': 'best'}",0.987288284489423,0.9846440368262,[],[0 0 0 ... 0 0 0],[0 0 0 ... 0 0 0],0.7813208402599364,0.735632183908046,54826,254,620,1216,219600,720,2174,5170,"              precision    recall  f1-score   support

           0       0.99      1.00      0.99    220320
           1       0.88      0.70      0.78      7344

    accuracy                           0.99    227664
   macro avg       0.93      0.85      0.89    227664
weighted avg       0.99      0.99      0.99    227664
","              precision    recall  f1-score   support

           0       0.99      1.00      0.99     55080
           1       0.83      0.66      0.74      1836

    accuracy                           0.98     56916
   macro avg       0.91      0.83      0.86     56916
weighted avg       0.98      0.98      0.98     56916
"
tree_4feng2,DecisionTreeClassifier(),4f_eng2,"{'ccp_alpha': 0.0, 'class_weight': None, 'criterion': 'gini', 'max_depth': None, 'max_features': None, 'max_leaf_nodes': None, 'min_impurity_decrease': 0.0, 'min_samples_leaf': 1, 'min_samples_split': 2, 'min_weight_fraction_leaf': 0.0, 'random_state': None, 'splitter': 'best'}",0.987288284489423,0.9847143158338604,[],[0 0 0 ... 0 0 0],[0 0 0 ... 0 0 0],0.7813208402599364,0.7370012091898428,54827,253,617,1219,219600,720,2174,5170,"              precision    recall  f1-score   support

           0       0.99      1.00      0.99    220320
           1       0.88      0.70      0.78      7344

    accuracy                           0.99    227664
   macro avg       0.93      0.85      0.89    227664
weighted avg       0.99      0.99      0.99    227664
","              precision    recall  f1-score   support

           0       0.99      1.00      0.99     55080
           1       0.83      0.66      0.74      1836

    accuracy                           0.98     56916
   macro avg       0.91      0.83      0.86     56916
weighted avg       0.98      0.98      0.98     56916
"
reglog_4f,LogisticRegression(),4f,"{'C': 1.0, 'class_weight': None, 'dual': False, 'fit_intercept': True, 'intercept_scaling': 1, 'l1_ratio': None, 'max_iter': 100, 'multi_class': 'auto', 'n_jobs': None, 'penalty': 'l2', 'random_state': None, 'solver': 'lbfgs', 'tol': 0.0001, 'verbose': 0, 'warm_start': False}",0.9862780237543046,0.9857333614449364,"[array([-0.59336788,  2.54844001, -1.68684069,  3.57756484,  3.42766309,
        3.05409179])]",[0 0 0 ... 0 0 0],[0 0 0 ... 0 0 0],0.7649360421369451,0.7552742616033755,54851,229,583,1253,219457,863,2261,5083,"              precision    recall  f1-score   support

           0       0.99      1.00      0.99    220320
           1       0.85      0.69      0.76      7344

    accuracy                           0.99    227664
   macro avg       0.92      0.84      0.88    227664
weighted avg       0.99      0.99      0.99    227664
","              precision    recall  f1-score   support

           0       0.99      1.00      0.99     55080
           1       0.85      0.68      0.76      1836

    accuracy                           0.99     56916
   macro avg       0.92      0.84      0.87     56916
weighted avg       0.98      0.99      0.98     56916
"
tree_4f,DecisionTreeClassifier(),4f,"{'ccp_alpha': 0.0, 'class_weight': None, 'criterion': 'gini', 'max_depth': None, 'max_features': None, 'max_leaf_nodes': None, 'min_impurity_decrease': 0.0, 'min_samples_leaf': 1, 'min_samples_split': 2, 'min_weight_fraction_leaf': 0.0, 'random_state': None, 'splitter': 'best'}",0.987288284489423,0.9846967460819454,[],[0 0 0 ... 0 0 0],[0 0 0 ... 0 0 0],0.7813208402599364,0.7366192924100393,54827,253,618,1218,219600,720,2174,5170,"              precision    recall  f1-score   support

           0       0.99      1.00      0.99    220320
           1       0.88      0.70      0.78      7344

    accuracy                           0.99    227664
   macro avg       0.93      0.85      0.89    227664
weighted avg       0.99      0.99      0.99    227664
","              precision    recall  f1-score   support

           0       0.99      1.00      0.99     55080
           1       0.83      0.66      0.74      1836

    accuracy                           0.98     56916
   macro avg       0.91      0.83      0.86     56916
weighted avg       0.98      0.98      0.98     56916
"
reglog_4f_full_4,LogisticRegression(C=0.1),4f_full,"{'C': 0.1, 'class_weight': None, 'dual': False, 'fit_intercept': True, 'intercept_scaling': 1, 'l1_ratio': None, 'max_iter': 100, 'multi_class': 'auto', 'n_jobs': None, 'penalty': 'l2', 'random_state': None, 'solver': 'lbfgs', 'tol': 0.0001, 'verbose': 0, 'warm_start': False, 'percent_val': 0.4}",0.986,0.98675,"[array([-0.37693238,  2.19083383, -0.72121821,  0.27321271,  0.5347022 ,
        0.58104731])]",[0 0 0 ... 0 0 0],[0 0 0 ... 0 0 0],0.7254901960784313,0.7534883720930232,3866,13,40,81,5805,14,70,111,"              precision    recall  f1-score   support

           0       0.99      1.00      0.99      5819
           1       0.89      0.61      0.73       181

    accuracy                           0.99      6000
   macro avg       0.94      0.81      0.86      6000
weighted avg       0.99      0.99      0.98      6000
","              precision    recall  f1-score   support

           0       0.99      1.00      0.99      3879
           1       0.86      0.67      0.75       121

    accuracy                           0.99      4000
   macro avg       0.93      0.83      0.87      4000
weighted avg       0.99      0.99      0.99      4000
"
reglog_4f_full_3,LogisticRegression(C=0.1),4f_full,"{'C': 0.1, 'class_weight': None, 'dual': False, 'fit_intercept': True, 'intercept_scaling': 1, 'l1_ratio': None, 'max_iter': 100, 'multi_class': 'auto', 'n_jobs': None, 'penalty': 'l2', 'random_state': None, 'solver': 'lbfgs', 'tol': 0.0001, 'verbose': 0, 'warm_start': False, 'percent_val': 0.3}",0.986,0.9873333333333332,"[array([-0.37116846,  2.246799  , -0.76288581,  0.240158  ,  0.63887986,
        0.57124103])]",[0 0 0 ... 0 0 1],[0 0 0 ... 0 0 0],0.7292817679558011,0.7654320987654322,2900,9,29,62,6770,19,79,132,"              precision    recall  f1-score   support

           0       0.99      1.00      0.99      6789
           1       0.87      0.63      0.73       211

    accuracy                           0.99      7000
   macro avg       0.93      0.81      0.86      7000
weighted avg       0.99      0.99      0.98      7000
","              precision    recall  f1-score   support

           0       0.99      1.00      0.99      2909
           1       0.87      0.68      0.77        91

    accuracy                           0.99      3000
   macro avg       0.93      0.84      0.88      3000
weighted avg       0.99      0.99      0.99      3000
"
tree_4f_full_3,"DecisionTreeClassifier(max_depth=8, min_samples_leaf=10)",4f_full_3,"{'ccp_alpha': 0.0, 'class_weight': None, 'criterion': 'gini', 'max_depth': 8, 'max_features': None, 'max_leaf_nodes': None, 'min_impurity_decrease': 0.0, 'min_samples_leaf': 10, 'min_samples_split': 2, 'min_weight_fraction_leaf': 0.0, 'random_state': None, 'splitter': 'best', 'percent_val': 0.3}",0.9864285714285714,0.9826666666666668,[],[0 0 0 ... 0 0 1],[0 0 0 ... 0 0 0],0.7493403693931399,0.7045454545454546,2886,23,29,62,6763,26,69,142,"              precision    recall  f1-score   support

           0       0.99      1.00      0.99      6789
           1       0.85      0.67      0.75       211

    accuracy                           0.99      7000
   macro avg       0.92      0.83      0.87      7000
weighted avg       0.99      0.99      0.99      7000
","              precision    recall  f1-score   support

           0       0.99      0.99      0.99      2909
           1       0.73      0.68      0.70        91

    accuracy                           0.98      3000
   macro avg       0.86      0.84      0.85      3000
weighted avg       0.98      0.98      0.98      3000
"
tree_4f_full_3_bis,DecisionTreeClassifier(max_depth=5),4f_full_3_bis,"{'ccp_alpha': 0.0, 'class_weight': None, 'criterion': 'gini', 'max_depth': 5, 'max_features': None, 'max_leaf_nodes': None, 'min_impurity_decrease': 0.0, 'min_samples_leaf': 1, 'min_samples_split': 2, 'min_weight_fraction_leaf': 0.0, 'random_state': None, 'splitter': 'best', 'percent_val': 0.3}",0.9875714285714284,0.9843333333333332,[],[0 0 0 ... 0 0 1],[0 0 0 ... 0 0 0],0.7616438356164383,0.7151515151515152,2894,15,32,59,6774,15,72,139,"              precision    recall  f1-score   support

           0       0.99      1.00      0.99      6789
           1       0.90      0.66      0.76       211

    accuracy                           0.99      7000
   macro avg       0.95      0.83      0.88      7000
weighted avg       0.99      0.99      0.99      7000
","              precision    recall  f1-score   support

           0       0.99      0.99      0.99      2909
           1       0.80      0.65      0.72        91

    accuracy                           0.98      3000
   macro avg       0.89      0.82      0.85      3000
weighted avg       0.98      0.98      0.98      3000
"
reglog_4f_eng3,LogisticRegression(C=0.1),4f__eng3,"{'C': 0.1, 'class_weight': None, 'dual': False, 'fit_intercept': True, 'intercept_scaling': 1, 'l1_ratio': None, 'max_iter': 100, 'multi_class': 'auto', 'n_jobs': None, 'penalty': 'l2', 'random_state': None, 'solver': 'lbfgs', 'tol': 0.0001, 'verbose': 0, 'warm_start': False, 'percent_val': 0.3}",0.9863006134353384,0.9858270667884836,"[array([-0.58451212,  2.50145866, -1.646562  ,  2.5623703 ,  2.52173211,
        2.20467995])]",[0 0 0 ... 0 0 0],[0 0 0 ... 0 0 0],0.7637433988399273,0.756637168141593,82283,337,873,1881,192066,714,2015,4411,"              precision    recall  f1-score   support

           0       0.99      1.00      0.99    192780
           1       0.86      0.69      0.76      6426

    accuracy                           0.99    199206
   macro avg       0.93      0.84      0.88    199206
weighted avg       0.99      0.99      0.99    199206
","              precision    recall  f1-score   support

           0       0.99      1.00      0.99     82620
           1       0.85      0.68      0.76      2754

    accuracy                           0.99     85374
   macro avg       0.92      0.84      0.87     85374
weighted avg       0.98      0.99      0.99     85374
"
tree_4f_eng3,"DecisionTreeClassifier(max_depth=8, min_samples_leaf=10)",4f_eng3,"{'ccp_alpha': 0.0, 'class_weight': None, 'criterion': 'gini', 'max_depth': 8, 'max_features': None, 'max_leaf_nodes': None, 'min_impurity_decrease': 0.0, 'min_samples_leaf': 10, 'min_samples_split': 2, 'min_weight_fraction_leaf': 0.0, 'random_state': None, 'splitter': 'best', 'percent_val': 0.3}",0.9862253144985592,0.9849017265209548,[],[0 0 0 ... 0 0 0],[0 0 0 ... 0 0 0],0.7658703071672356,0.7441952768406429,82210,410,879,1875,191974,806,1938,4488,"              precision    recall  f1-score   support

           0       0.99      1.00      0.99    192780
           1       0.85      0.70      0.77      6426

    accuracy                           0.99    199206
   macro avg       0.92      0.85      0.88    199206
weighted avg       0.99      0.99      0.99    199206
","              precision    recall  f1-score   support

           0       0.99      1.00      0.99     82620
           1       0.82      0.68      0.74      2754

    accuracy                           0.98     85374
   macro avg       0.90      0.84      0.87     85374
weighted avg       0.98      0.98      0.98     85374
"
reglog_4f_eng4,LogisticRegression(C=0.1),4f__eng4,"{'C': 0.1, 'class_weight': None, 'dual': False, 'fit_intercept': True, 'intercept_scaling': 1, 'l1_ratio': None, 'max_iter': 100, 'multi_class': 'auto', 'n_jobs': None, 'penalty': 'l2', 'random_state': None, 'solver': 'lbfgs', 'tol': 0.0001, 'verbose': 0, 'warm_start': False, 'percent_val': 0.3}",0.9854422055560575,0.9850422845362756,"[array([-0.6568761 ,  2.46088188, -1.7742823 ,  2.80154414,  2.72250859,
        2.40334341])]",[0 0 0 ... 0 0 0],[0 0 0 ... 0 0 0],0.7393024092053219,0.7324533836161744,82349,271,1006,1748,192194,586,2314,4112,"              precision    recall  f1-score   support

           0       0.99      1.00      0.99    192780
           1       0.88      0.64      0.74      6426

    accuracy                           0.99    199206
   macro avg       0.93      0.82      0.87    199206
weighted avg       0.98      0.99      0.98    199206
","              precision    recall  f1-score   support

           0       0.99      1.00      0.99     82620
           1       0.87      0.63      0.73      2754

    accuracy                           0.99     85374
   macro avg       0.93      0.82      0.86     85374
weighted avg       0.98      0.99      0.98     85374
"
tree_4f_eng4,"DecisionTreeClassifier(max_depth=8, min_samples_leaf=10)",4f_eng4,"{'ccp_alpha': 0.0, 'class_weight': None, 'criterion': 'gini', 'max_depth': 8, 'max_features': None, 'max_leaf_nodes': None, 'min_impurity_decrease': 0.0, 'min_samples_leaf': 10, 'min_samples_split': 2, 'min_weight_fraction_leaf': 0.0, 'random_state': None, 'splitter': 'best', 'percent_val': 0.3}",0.9862253144985592,0.9849017265209548,[],[0 0 0 ... 0 0 0],[0 0 0 ... 0 0 0],0.7658703071672356,0.7441952768406429,82210,410,879,1875,191974,806,1938,4488,"              precision    recall  f1-score   support

           0       0.99      1.00      0.99    192780
           1       0.85      0.70      0.77      6426

    accuracy                           0.99    199206
   macro avg       0.92      0.85      0.88    199206
weighted avg       0.99      0.99      0.99    199206
","              precision    recall  f1-score   support

           0       0.99      1.00      0.99     82620
           1       0.82      0.68      0.74      2754

    accuracy                           0.98     85374
   macro avg       0.90      0.84      0.87     85374
weighted avg       0.98      0.98      0.98     85374
"
reglog_4f_eng4_inf,LogisticRegression(C=0.1),4f__eng4_inf,"{'C': 0.1, 'class_weight': None, 'dual': False, 'fit_intercept': True, 'intercept_scaling': 1, 'l1_ratio': None, 'max_iter': 100, 'multi_class': 'auto', 'n_jobs': None, 'penalty': 'l2', 'random_state': None, 'solver': 'lbfgs', 'tol': 0.0001, 'verbose': 0, 'warm_start': False, 'percent_val': 0.3}",0.988652722935176,0.9890469792216516,"[array([-0.60298374,  2.08236728, -1.65628731,  2.3526742 ,  2.30692303,
        2.00193998])]",[0 0 0 ... 0 0 0],[0 0 0 ... 0 0 0],0.371762026757757,0.3941605839416058,82146,115,798,297,191636,304,1903,653,"              precision    recall  f1-score   support

           0       0.99      1.00      0.99    191940
           1       0.68      0.26      0.37      2556

    accuracy                           0.99    194496
   macro avg       0.84      0.63      0.68    194496
weighted avg       0.99      0.99      0.99    194496
","              precision    recall  f1-score   support

           0       0.99      1.00      0.99     82261
           1       0.72      0.27      0.39      1095

    accuracy                           0.99     83356
   macro avg       0.86      0.63      0.69     83356
weighted avg       0.99      0.99      0.99     83356
"
tree_4f_eng4_inf,"DecisionTreeClassifier(max_depth=8, min_samples_leaf=10)",4f_eng4_inf,"{'ccp_alpha': 0.0, 'class_weight': None, 'criterion': 'gini', 'max_depth': 8, 'max_features': None, 'max_leaf_nodes': None, 'min_impurity_decrease': 0.0, 'min_samples_leaf': 10, 'min_samples_split': 2, 'min_weight_fraction_leaf': 0.0, 'random_state': None, 'splitter': 'best', 'percent_val': 0.3}",0.9889200806186246,0.988819041220788,[],[0 0 0 ... 0 0 0],[0 0 0 ... 0 0 0],0.4211657265645984,0.4138364779874214,82095,166,766,329,191557,383,1772,784,"              precision    recall  f1-score   support

           0       0.99      1.00      0.99    191940
           1       0.67      0.31      0.42      2556

    accuracy                           0.99    194496
   macro avg       0.83      0.65      0.71    194496
weighted avg       0.99      0.99      0.99    194496
","              precision    recall  f1-score   support

           0       0.99      1.00      0.99     82261
           1       0.66      0.30      0.41      1095

    accuracy                           0.99     83356
   macro avg       0.83      0.65      0.70     83356
weighted avg       0.99      0.99      0.99     83356
"
reglog_4f_eng4_sup,LogisticRegression(C=0.1),4f__eng4_sup,"{'C': 0.1, 'class_weight': None, 'dual': False, 'fit_intercept': True, 'intercept_scaling': 1, 'l1_ratio': None, 'max_iter': 100, 'multi_class': 'auto', 'n_jobs': None, 'penalty': 'l2', 'random_state': None, 'solver': 'lbfgs', 'tol': 0.0001, 'verbose': 0, 'warm_start': False, 'percent_val': 0.3}",0.8732214907623699,0.8801386825160971,"[array([-0.51902059,  1.77129583, -1.49926453,  1.55791044,  1.72762328,
        1.60222293])]",[1 1 1 ... 1 1 1],[1 0 1 ... 1 1 1],0.926013136695997,0.929855072463768,173,187,55,1604,376,463,134,3736,"              precision    recall  f1-score   support

           0       0.74      0.45      0.56       839
           1       0.89      0.97      0.93      3870

    accuracy                           0.87      4709
   macro avg       0.81      0.71      0.74      4709
weighted avg       0.86      0.87      0.86      4709
","              precision    recall  f1-score   support

           0       0.76      0.48      0.59       360
           1       0.90      0.97      0.93      1659

    accuracy                           0.88      2019
   macro avg       0.83      0.72      0.76      2019
weighted avg       0.87      0.88      0.87      2019
"
tree_4f_eng4_sup,"DecisionTreeClassifier(max_depth=8, min_samples_leaf=10)",4f_eng4_sup,"{'ccp_alpha': 0.0, 'class_weight': None, 'criterion': 'gini', 'max_depth': 8, 'max_features': None, 'max_leaf_nodes': None, 'min_impurity_decrease': 0.0, 'min_samples_leaf': 10, 'min_samples_split': 2, 'min_weight_fraction_leaf': 0.0, 'random_state': None, 'splitter': 'best', 'percent_val': 0.3}",0.8812911446166914,0.8563645368994551,[],[1 1 1 ... 1 0 1],[1 0 1 ... 0 1 1],0.9290158730158729,0.9145550972304068,177,183,107,1552,492,347,212,3658,"              precision    recall  f1-score   support

           0       0.70      0.59      0.64       839
           1       0.91      0.95      0.93      3870

    accuracy                           0.88      4709
   macro avg       0.81      0.77      0.78      4709
weighted avg       0.88      0.88      0.88      4709
","              precision    recall  f1-score   support

           0       0.62      0.49      0.55       360
           1       0.89      0.94      0.91      1659

    accuracy                           0.86      2019
   macro avg       0.76      0.71      0.73      2019
weighted avg       0.85      0.86      0.85      2019
"
tree_simple_gs_4f_eng4_inf ,"DecisionTreeClassifier(criterion='entropy', max_depth=8)",4f_eng4_inf ,"{'ccp_alpha': 0.0, 'class_weight': None, 'criterion': 'entropy', 'max_depth': 8, 'max_features': None, 'max_leaf_nodes': None, 'min_impurity_decrease': 0.0, 'min_samples_leaf': 1, 'min_samples_split': 2, 'min_weight_fraction_leaf': 0.0, 'random_state': None, 'splitter': 'best', 'percent_val': 0.3}",0.9888686656794998,0.9888190412207879,[],[0 0 0 ... 0 0 0],[0 0 0 ... 0 0 0],0.4194153928667203,0.40485312899106,82107,154,778,317,191549,391,1774,782,"              precision    recall  f1-score   support

           0       0.99      1.00      0.99    191940
           1       0.67      0.31      0.42      2556

    accuracy                           0.99    194496
   macro avg       0.83      0.65      0.71    194496
weighted avg       0.99      0.99      0.99    194496
","              precision    recall  f1-score   support

           0       0.99      1.00      0.99     82261
           1       0.67      0.29      0.40      1095

    accuracy                           0.99     83356
   macro avg       0.83      0.64      0.70     83356
weighted avg       0.99      0.99      0.99     83356
"
reglog_gs_4f_eng4_inf,LogisticRegression(),4f_eng4_inf,"{'C': 1.0, 'class_weight': None, 'dual': False, 'fit_intercept': True, 'intercept_scaling': 1, 'l1_ratio': None, 'max_iter': 100, 'multi_class': 'auto', 'n_jobs': None, 'penalty': 'l2', 'random_state': None, 'solver': 'lbfgs', 'tol': 0.0001, 'verbose': 0, 'warm_start': False, 'percent_val': 0.3}",0.9886321569595261,0.9889510053265512,"[array([-0.61340356,  2.1098953 , -1.70628621,  3.51134059,  3.34511908,
        3.00475326])]",[0 0 0 ... 0 0 0],[0 0 0 ... 0 0 0],0.3839509612705489,0.3992172211350294,82129,132,789,306,191596,344,1867,689,"              precision    recall  f1-score   support

           0       0.99      1.00      0.99    191940
           1       0.67      0.27      0.38      2556

    accuracy                           0.99    194496
   macro avg       0.83      0.63      0.69    194496
weighted avg       0.99      0.99      0.99    194496
","              precision    recall  f1-score   support

           0       0.99      1.00      0.99     82261
           1       0.70      0.28      0.40      1095

    accuracy                           0.99     83356
   macro avg       0.84      0.64      0.70     83356
weighted avg       0.99      0.99      0.99     83356
"
xg_gs2_4f_eng4_inf,"XGBClassifier(base_score=None, booster=None, callbacks=None,
              colsample_bylevel=None, colsample_bynode=None,
              colsample_bytree=None, device=None, early_stopping_rounds=None,
              enable_categorical=False, eval_metric=None, feature_types=None,
              gamma=None, grow_policy=None, importance_type=None,
              interaction_constraints=None, learning_rate=None, max_bin=None,
              max_cat_threshold=None, max_cat_to_onehot=None,
              max_delta_step=None, max_depth=2, max_leaves=None,
              min_child_weight=3, missing=nan, monotone_constraints=None,
              multi_strategy=None, n_estimators=40, n_jobs=None,
              num_parallel_tree=None, random_state=None, ...)",4f_eng4_inf,"{'objective': 'binary:logistic', 'base_score': None, 'booster': None, 'callbacks': None, 'colsample_bylevel': None, 'colsample_bynode': None, 'colsample_bytree': None, 'device': None, 'early_stopping_rounds': None, 'enable_categorical': False, 'eval_metric': None, 'feature_types': None, 'gamma': None, 'grow_policy': None, 'importance_type': None, 'interaction_constraints': None, 'learning_rate': None, 'max_bin': None, 'max_cat_threshold': None, 'max_cat_to_onehot': None, 'max_delta_step': None, 'max_depth': 2, 'max_leaves': None, 'min_child_weight': 3, 'missing': nan, 'monotone_constraints': None, 'multi_strategy': None, 'n_estimators': 40, 'n_jobs': None, 'num_parallel_tree': None, 'random_state': None, 'reg_alpha': None, 'reg_lambda': None, 'sampling_method': None, 'scale_pos_weight': None, 'subsample': None, 'tree_method': None, 'validate_parameters': None, 'verbosity': None, 'percent_val': 0.3}",0.9887247038499506,0.9889390085896637,[],[0 0 0 ... 0 0 0],[0 0 0 ... 0 0 0],0.38519764507989906,0.39580602883355176,82132,129,793,302,191616,324,1869,687,"              precision    recall  f1-score   support

           0       0.99      1.00      0.99    191940
           1       0.68      0.27      0.39      2556

    accuracy                           0.99    194496
   macro avg       0.83      0.63      0.69    194496
weighted avg       0.99      0.99      0.99    194496
","              precision    recall  f1-score   support

           0       0.99      1.00      0.99     82261
           1       0.70      0.28      0.40      1095

    accuracy                           0.99     83356
   macro avg       0.85      0.64      0.70     83356
weighted avg       0.99      0.99      0.99     83356
"
svc_4f_eng4_inf ,"SVC(C=0.1, gamma=0.1, kernel='linear', probability=True)",4f_eng4_inf,"{'C': 0.1, 'break_ties': False, 'cache_size': 200, 'class_weight': None, 'coef0': 0.0, 'decision_function_shape': 'ovr', 'degree': 3, 'gamma': 0.1, 'kernel': 'linear', 'max_iter': -1, 'probability': True, 'random_state': None, 'shrinking': True, 'tol': 0.001, 'verbose': False, 'percent_val': 0.3}",0.9868583415597236,0.9868635731081146,"[array([-2.28082158e-08,  3.83852670e-05, -9.91689504e-07,  8.89747117e-04,
        8.88729606e-04,  8.49342326e-04])]",[0 0 0 ... 0 0 0],[0 0 0 ... 0 0 0],0.0,0.0,82261,0,1095,0,191940,0,2556,0,"              precision    recall  f1-score   support

           0       0.99      1.00      0.99    191940
           1       0.00      0.00      0.00      2556

    accuracy                           0.99    194496
   macro avg       0.49      0.50      0.50    194496
weighted avg       0.97      0.99      0.98    194496
","              precision    recall  f1-score   support

           0       0.99      1.00      0.99     82261
           1       0.00      0.00      0.00      1095

    accuracy                           0.99     83356
   macro avg       0.49      0.50      0.50     83356
weighted avg       0.97      0.99      0.98     83356
"
